Customer ID,Recency,Monetary,Frequency,Recency_score,Monetary_score,Frequency_score,RMF Score,segments
AA-10315,185,5563.56,11,2,5,3,253,At Risk
AA-10375,20,1056.39,15,5,2,4,524,Best Customers
AA-10480,260,1790.5120000000002,12,1,3,3,133,Lost Customers
AA-10645,56,5086.9349999999995,18,3,5,4,354,354
AB-10015,416,886.156,6,1,1,1,111,Lost Customers
AB-10060,55,7755.62,18,3,5,4,354,354
AB-10105,42,14473.570999999998,20,4,5,5,455,455
AB-10150,42,966.71,12,4,2,3,423,423
AB-10165,26,1113.838,14,5,2,4,524,Best Customers
AB-10255,167,914.5319999999999,14,2,1,4,214,214
AB-10600,51,1515.862,8,4,2,2,422,422
AC-10420,233,925.8,5,1,1,1,111,Lost Customers
AC-10450,12,5527.846,9,5,5,2,552,552
AC-10615,7,2537.6859999999997,18,5,3,4,534,Best Customers
AC-10660,283,657.316,6,1,1,1,111,Lost Customers
AD-10180,30,6106.88,12,4,5,3,453,453
AF-10870,42,2052.908,16,4,3,4,434,Loyal Customers
AF-10885,416,861.565,7,1,1,1,111,Lost Customers
AG-10270,279,2582.898,14,1,3,4,134,Lost Customers
AG-10300,119,367.548,5,2,1,1,211,211
AG-10330,9,660.972,9,5,1,2,512,512
AG-10390,115,200.945,8,2,1,2,212,212
AG-10495,79,2356.855,21,3,3,5,335,335
AG-10525,846,1455.038,9,1,2,2,122,Lost Customers
AG-10675,98,3489.0396000000005,15,3,4,4,344,Loyal Customers
AG-10765,78,170.584,5,3,1,1,311,311
AG-10900,97,4510.797,21,3,5,5,355,355
AH-10030,13,1744.7,11,5,3,3,533,533
AH-10075,35,3250.337,20,4,4,5,445,445
AH-10120,61,1735.5140000000001,16,3,2,4,324,324
AH-10195,56,1587.452,8,3,2,2,322,322
AH-10210,7,4805.344,13,5,5,3,553,553
AH-10465,231,2495.3916,8,1,3,2,132,Lost Customers
AH-10585,22,738.504,5,5,1,1,511,511
AH-10690,411,7888.294,23,1,5,5,155,Lost Customers
AI-10855,14,4375.786,18,5,5,4,554,Best Customers
AJ-10780,76,4867.344,15,3,5,4,354,354
AJ-10795,167,4501.391,21,2,5,5,255,At Risk
AJ-10945,86,1839.24,10,3,3,2,332,332
AJ-10960,75,629.2479999999999,5,3,1,1,311,311
AM-10360,29,814.012,12,4,1,3,413,413
AM-10705,163,5664.022,22,2,5,5,255,At Risk
AO-10810,502,161.28,1,1,1,1,111,Lost Customers
AP-10720,42,1638.554,19,4,2,5,425,425
AP-10915,99,3323.556,31,3,4,5,345,345
AR-10345,112,1055.694,5,2,2,1,221,221
AR-10405,126,2236.128,7,2,3,1,231,231
AR-10510,15,264.86400000000003,7,5,1,1,511,511
AR-10540,7,6608.448,9,5,5,2,552,552
AR-10570,535,88.15,2,1,1,1,111,Lost Customers
AR-10825,59,4523.336,13,3,5,3,353,353
AS-10045,89,3050.692,10,3,4,2,342,342
AS-10090,29,3255.31,25,4,4,5,445,445
AS-10135,42,58.82,3,4,1,1,411,411
AS-10225,23,4260.784,13,5,4,3,543,543
AS-10240,193,584.6080000000001,13,2,1,3,213,213
AS-10285,20,3214.236,8,5,4,2,542,542
AS-10630,93,833.398,12,3,1,3,313,313
AT-10435,22,1171.814,9,5,2,2,522,522
AT-10735,14,3831.864,16,5,4,4,544,Best Customers
AW-10840,21,649.376,8,5,1,2,512,512
AW-10930,47,2852.968,16,4,4,4,444,Loyal Customers
AY-10555,15,497.014,10,5,1,2,512,512
AZ-10750,161,1622.0179999999998,12,2,2,3,223,At Risk
BB-10990,106,744.3399999999999,8,2,1,2,212,212
BB-11545,29,6765.728,20,4,5,5,455,455
BC-11125,203,2933.676,18,2,4,4,244,At Risk
BD-11320,34,5718.521,19,4,5,5,455,455
BD-11500,36,4411.2429999999995,10,4,5,2,452,452
BD-11560,279,320.54,4,1,1,1,111,Lost Customers
BD-11605,98,3288.471,20,3,4,5,345,345
BD-11620,70,1538.11,8,3,2,2,322,322
BD-11635,10,582.646,5,5,1,1,511,511
BD-11725,94,1526.5,10,3,2,2,322,322
BD-11770,328,658.466,10,1,1,2,112,Lost Customers
BE-11335,120,4204.676,9,2,4,2,242,At Risk
BE-11410,99,2261.438,5,3,3,1,331,331
BE-11455,255,1727.652,13,1,2,3,123,Lost Customers
BF-10975,92,599.798,13,3,1,3,313,313
BF-11005,40,1333.88,10,4,2,2,422,422
BF-11020,75,2888.506,21,3,4,5,345,345
BF-11080,26,272.95,6,5,1,1,511,511
BF-11170,17,5907.972,27,5,5,5,555,Best Customers
BF-11215,66,1585.162,8,3,2,2,322,322
BF-11275,58,791.9899999999999,4,3,1,1,311,311
BG-11035,29,2798.948,12,4,4,3,443,Loyal Customers
BG-11695,37,1874.172,8,4,3,2,432,432
BG-11740,58,1006.356,7,3,2,1,321,321
BH-11710,24,6255.351,24,5,5,5,555,Best Customers
BK-11260,78,659.1379999999999,16,3,1,4,314,314
BM-11140,308,11789.63,16,1,5,4,154,Lost Customers
BM-11575,101,808.162,10,3,1,2,312,312
BM-11650,34,7294.185,29,4,5,5,455,455
BM-11785,219,1338.842,14,2,2,4,224,At Risk
BN-11470,25,265.296,6,5,1,1,511,511
BN-11515,10,1459.344,17,5,2,4,524,Best Customers
BO-11350,138,2682.728,12,2,3,3,233,At Risk
BO-11425,76,130.83,2,3,1,1,311,311
BP-11050,84,983.42,7,3,2,1,321,321
BP-11095,18,2442.044,20,5,3,5,535,Best Customers
BP-11155,90,1697.8609999999999,11,3,2,3,323,323
BP-11185,2,3675.861,18,5,4,4,544,Best Customers
BP-11230,40,1181.49,6,4,2,1,421,421
BP-11290,13,2475.157,16,5,3,4,534,Best Customers
BS-11365,559,10501.653,9,1,5,2,152,Lost Customers
BS-11380,29,3887.834,13,4,4,3,443,Loyal Customers
BS-11590,36,2454.928,10,4,3,2,432,432
BS-11665,583,3288.1099999999997,11,1,4,3,143,Lost Customers
BS-11755,2,2562.382,14,5,3,4,534,Best Customers
BS-11800,266,949.4300000000001,8,1,1,2,112,Lost Customers
BT-11305,337,2567.656,9,1,3,2,132,Lost Customers
BT-11395,303,2186.6130000000003,10,1,3,2,132,Lost Customers
BT-11440,561,603.876,7,1,1,1,111,Lost Customers
BT-11485,660,415.19599999999997,3,1,1,1,111,Lost Customers
BT-11530,92,2684.4919999999997,10,3,3,2,332,332
BT-11680,21,3196.752,20,5,4,5,545,Best Customers
BV-11245,335,1523.2730000000001,14,1,2,4,124,Lost Customers
BW-11065,213,385.516,3,2,1,1,211,211
BW-11110,122,4750.358,17,2,5,4,254,At Risk
BW-11200,204,1738.406,10,2,2,2,222,At Risk
CA-11965,97,3789.7228,10,3,4,2,342,342
CA-12055,402,1679.7240000000002,10,1,2,2,122,Lost Customers
CA-12265,57,2648.2872,17,3,3,4,334,Loyal Customers
CA-12310,14,1421.954,11,5,2,3,523,523
CA-12775,121,3041.566,17,2,4,4,244,At Risk
CB-12025,48,6076.139,26,4,5,5,455,455
CB-12415,27,1949.2,12,5,3,3,533,533
CB-12535,198,4246.4555,19,2,4,5,245,At Risk
CC-12100,458,1770.945,13,1,3,3,133,Lost Customers
CC-12145,107,2471.65,11,2,3,3,233,At Risk
CC-12220,21,3913.418,22,5,4,5,545,Best Customers
CC-12370,44,12129.072000000002,11,4,5,3,453,453
CC-12430,1,2870.05,19,5,4,5,545,Best Customers
CC-12475,40,1659.438,13,4,2,3,423,423
CC-12550,28,113.832,4,4,1,1,411,411
CC-12610,35,2540.631,12,4,3,3,433,Loyal Customers
CC-12670,30,2269.7015,14,4,3,4,434,Loyal Customers
CC-12685,800,2854.1150000000002,12,1,4,3,143,Lost Customers
CD-11920,41,2033.968,9,4,3,2,432,432
CD-11980,55,639.766,6,3,1,1,311,311
CD-12280,43,1205.584,13,4,2,3,423,423
CD-12790,400,1860.732,15,1,3,4,134,Lost Customers
CG-12040,50,904.4680000000001,9,4,1,2,412,412
CG-12520,339,1148.7800000000002,5,1,2,1,121,Lost Customers
CH-12070,692,1537.236,4,1,2,1,121,Lost Customers
CJ-11875,366,16.52,1,1,1,1,111,Lost Customers
CJ-12010,190,11164.974,20,2,5,5,255,At Risk
CK-12205,40,3154.855,32,4,4,5,445,445
CK-12325,121,2945.321,12,2,4,3,243,At Risk
CK-12595,44,2372.75,25,4,3,5,435,435
CK-12760,83,1582.109,14,3,2,4,324,324
CL-11890,107,1262.0140000000001,7,2,2,1,221,221
CL-12565,285,10880.546,28,1,5,5,155,Lost Customers
CL-12700,106,2353.586,8,2,3,2,232,At Risk
CM-11815,132,1673.888,10,2,2,2,222,At Risk
CM-11935,709,565.392,4,1,1,1,111,Lost Customers
CM-12115,9,1661.6100000000001,7,5,2,1,521,521
CM-12160,27,2533.314,7,5,3,1,531,531
CM-12190,9,1475.144,7,5,2,1,521,521
CM-12235,386,2305.712,8,1,3,2,132,Lost Customers
CM-12385,38,8954.019999999999,10,4,5,2,452,452
CM-12445,437,287.99,9,1,1,2,112,Lost Customers
CM-12655,28,6339.5576,10,4,5,2,452,452
CM-12715,1036,3984.4524,13,1,4,3,143,Lost Customers
CP-12085,83,5402.254,14,3,5,4,354,354
CP-12340,161,5888.275,15,2,5,4,254,At Risk
CR-12580,58,2148.852,6,3,3,1,331,331
CR-12625,471,475.9,4,1,1,1,111,Lost Customers
CR-12730,79,1600.55,6,3,2,1,321,321
CR-12820,86,1397.8724,7,3,2,1,321,321
CS-11845,92,1278.954,8,3,2,2,322,322
CS-11860,163,537.632,7,2,1,1,211,211
CS-11950,26,3036.547,22,5,4,5,545,Best Customers
CS-12130,490,884.64,7,1,1,1,111,Lost Customers
CS-12175,233,844.4580000000001,8,1,1,2,112,Lost Customers
CS-12250,27,2754.216,28,5,4,5,545,Best Customers
CS-12355,7,3202.1620000000003,22,5,4,5,545,Best Customers
CS-12400,3,3651.8585000000003,14,5,4,4,544,Best Customers
CS-12460,28,550.644,6,4,1,1,411,411
CS-12490,425,1077.2285,9,1,2,2,122,Lost Customers
CS-12505,59,5690.054999999999,9,3,5,2,352,352
CT-11995,97,3241.898,18,3,4,4,344,Loyal Customers
CV-12295,255,2830.6279999999997,13,1,4,3,143,Lost Customers
CV-12805,6,2370.3136,19,5,3,5,535,Best Customers
CW-11905,23,1136.592,11,5,2,3,523,523
CY-12745,61,2900.026,11,3,4,3,343,Loyal Customers
Co-12640,550,1300.076,8,1,2,2,122,Lost Customers
DA-13450,353,156.76,8,1,1,2,112,Lost Customers
DB-12910,22,2171.599,12,5,3,3,533,533
DB-12970,242,2839.2272,14,1,4,4,144,Lost Customers
DB-13060,17,4531.646,13,5,5,3,553,553
DB-13120,49,2973.094,14,4,4,4,444,Loyal Customers
DB-13210,10,2332.577,21,5,3,5,535,Best Customers
DB-13270,54,4655.897,13,4,5,3,453,453
DB-13360,265,1081.466,6,1,2,1,121,Lost Customers
DB-13405,188,1711.692,14,2,2,4,224,At Risk
DB-13555,108,3908.8028,14,2,4,4,244,At Risk
DB-13615,34,1989.05,11,4,3,3,433,Loyal Customers
DB-13660,13,1155.202,10,5,2,2,522,522
DC-12850,38,3336.168,18,4,4,4,444,Loyal Customers
DC-13285,24,1174.618,7,5,2,1,521,521
DD-13570,42,269.542,9,4,1,2,412,412
DE-13255,720,2550.874,9,1,3,2,132,Lost Customers
DF-13135,701,2390.534,6,1,3,1,131,Lost Customers
DG-13300,33,3195.818,8,4,4,2,442,442
DH-13075,278,4932.872,23,1,5,5,155,Lost Customers
DH-13675,777,1043.096,11,1,2,3,123,Lost Customers
DJ-13420,638,2012.52,5,1,3,1,131,Lost Customers
DJ-13510,49,2501.6879999999996,13,4,3,3,433,Loyal Customers
DJ-13630,13,3356.398,8,5,4,2,542,542
DK-12835,22,3256.48,27,5,4,5,545,Best Customers
DK-12895,46,4282.176,15,4,4,4,444,Loyal Customers
DK-12985,8,1687.04,8,5,2,2,522,522
DK-13090,43,2650.557,13,4,3,3,433,Loyal Customers
DK-13150,11,797.832,5,5,1,1,511,511
DK-13225,11,4802.394,19,5,5,5,555,Best Customers
DK-13375,20,3318.486,23,5,4,5,545,Best Customers
DL-12865,101,1503.112,14,3,2,4,324,324
DL-12925,58,3272.2,14,3,4,4,344,Loyal Customers
DL-13315,23,1458.258,17,5,2,4,524,Best Customers
DL-13330,58,585.02,8,3,1,2,312,312
DL-13495,77,3539.322,12,3,4,3,343,Loyal Customers
DM-12955,115,1322.034,9,2,2,2,222,At Risk
DM-13015,58,6345.103,20,3,5,5,355,355
DM-13345,23,4074.4719999999998,13,5,4,3,543,543
DM-13525,482,1376.792,10,1,2,2,122,Lost Customers
DN-13690,218,2139.79,11,2,3,3,233,At Risk
DO-13435,134,1300.0315,13,2,2,3,223,At Risk
DO-13645,27,1267.316,11,5,2,3,523,523
DP-13000,127,1050.636,17,2,2,4,224,At Risk
DP-13105,7,2215.002,14,5,3,4,534,Best Customers
DP-13165,813,1058.616,4,1,2,1,121,Lost Customers
DP-13390,359,5480.723999999999,14,1,5,4,154,Lost Customers
DR-12880,4,6528.034000000001,24,5,5,5,555,Best Customers
DR-12940,51,8350.868,13,4,5,3,453,453
DS-13030,94,1762.213,19,3,3,5,335,335
DS-13180,24,2881.8128,20,5,4,5,545,Best Customers
DV-13045,20,1119.483,9,5,2,2,522,522
DV-13465,30,3341.587,15,4,4,4,444,Loyal Customers
DW-13195,70,1080.751,9,3,2,2,322,322
DW-13480,218,5271.628,11,2,5,3,253,At Risk
DW-13540,99,344.08,9,3,1,2,312,312
DW-13585,243,1204.854,10,1,2,2,122,Lost Customers
Dl-13600,120,755.602,6,2,1,1,211,211
Dp-13240,85,7198.7609999999995,29,3,5,5,355,355
EA-14035,153,2846.705,25,2,4,5,245,At Risk
EB-13705,49,3644.978,12,4,4,3,443,Loyal Customers
EB-13750,36,3236.314,20,4,4,5,445,445
EB-13840,91,4358.128,8,3,5,2,352,352
EB-13870,101,2767.219,11,3,4,3,343,Loyal Customers
EB-13930,162,944.6000000000001,7,2,1,1,211,211
EB-13975,1,1643.255,6,5,2,1,521,521
EB-14110,114,3071.126,11,2,4,3,243,At Risk
EB-14170,83,1186.326,7,3,2,1,321,321
EC-14050,54,461.914,7,4,1,1,411,411
ED-13885,136,3484.92,14,2,4,4,244,At Risk
EG-13900,23,1832.02,9,5,3,2,532,532
EH-13765,136,10310.880000000001,32,2,5,5,255,At Risk
EH-13945,218,684.1709999999999,17,2,1,4,214,214
EH-13990,406,825.9499999999999,8,1,1,2,112,Lost Customers
EH-14005,3,1219.53,11,5,2,3,523,523
EH-14125,153,3082.653,18,2,4,4,244,At Risk
EH-14185,106,923.884,8,2,1,2,212,212
EJ-13720,303,2162.174,8,1,3,2,132,Lost Customers
EJ-14155,58,2656.691,8,3,3,2,332,332
EK-13795,45,1303.478,4,4,2,1,421,421
EL-13735,78,124.28,2,3,1,1,311,311
EM-13810,133,2567.0099999999998,7,2,3,1,231,231
EM-13825,56,2339.598,16,3,3,4,334,Loyal Customers
EM-13960,152,933.704,6,2,1,1,211,211
EM-14065,48,228.99,6,4,1,1,411,411
EM-14095,114,1041.0420000000001,10,2,2,2,222,At Risk
EM-14140,49,4588.436000000001,21,4,5,5,455,455
EM-14200,159,366.822,4,2,1,1,211,211
EN-13780,288,2199.366,9,1,3,2,132,Lost Customers
EP-13915,13,5478.0608,31,5,5,5,555,Best Customers
ER-13855,422,1245.788,5,1,2,1,121,Lost Customers
ES-14020,41,3510.4579999999996,8,4,4,2,442,442
ES-14080,29,4657.924,20,4,5,5,455,455
FA-14230,98,2984.054,17,3,4,4,344,Loyal Customers
FC-14245,71,3418.742,14,3,4,4,344,Loyal Customers
FC-14335,185,3889.366,10,2,4,2,242,At Risk
FG-14260,35,1383.144,11,4,2,3,423,423
FH-14275,38,4256.272,21,4,4,5,445,445
FH-14350,213,2271.284,14,2,3,4,234,At Risk
FH-14365,6,6987.196,13,5,5,3,553,553
FM-14215,8,2456.638,15,5,3,4,534,Best Customers
FM-14290,37,3736.198,20,4,4,5,445,445
FM-14380,146,2523.266,14,2,3,4,234,At Risk
FO-14305,39,2678.438,15,4,3,4,434,Loyal Customers
FP-14320,24,4046.746,14,5,4,4,544,Best Customers
FW-14395,363,79.75,3,1,1,1,111,Lost Customers
GA-14515,150,3919.7760000000003,14,2,4,4,244,At Risk
GA-14725,6,1398.382,22,5,2,5,525,Best Customers
GB-14530,63,1568.44,20,3,2,5,325,325
GB-14575,14,4716.288,16,5,5,4,554,Best Customers
GD-14590,6,1888.07,6,5,3,1,531,531
GG-14650,44,2224.0,24,4,3,5,435,435
GH-14410,76,2819.4669999999996,17,3,4,4,344,Loyal Customers
GH-14425,51,4172.8460000000005,10,4,4,2,442,442
GH-14485,388,1361.2440000000001,3,1,2,1,121,Lost Customers
GH-14665,3,146.94080000000002,3,5,1,1,511,511
GK-14620,113,6497.27,14,2,5,4,254,At Risk
GM-14440,84,3582.8199999999997,11,3,4,3,343,Loyal Customers
GM-14455,17,3078.624,12,5,4,3,543,543
GM-14500,107,1255.682,13,2,2,3,223,At Risk
GM-14680,153,3163.628,11,2,4,3,243,At Risk
GM-14695,118,6049.966,11,2,5,3,253,At Risk
GP-14740,766,236.53,5,1,1,1,111,Lost Customers
GR-14560,1136,1284.38,5,1,2,1,121,Lost Customers
GT-14635,57,9351.212,6,3,5,1,351,351
GT-14710,37,11820.119999999999,29,4,5,5,455,455
GT-14755,35,226.436,7,4,1,1,411,411
GW-14605,29,2189.019,9,4,3,2,432,432
GZ-14470,8,4355.150000000001,14,5,5,4,554,Best Customers
GZ-14545,158,2454.6220000000003,5,2,3,1,231,231
HA-14905,70,2163.3,10,3,3,2,332,332
HA-14920,21,2584.158,18,5,3,4,534,Best Customers
HD-14785,770,251.36,7,1,1,1,111,Lost Customers
HE-14800,13,883.5319999999999,11,5,1,3,513,513
HF-14995,22,2533.1639999999998,19,5,3,5,535,Best Customers
HG-14845,55,785.628,10,3,1,2,312,312
HG-14965,24,3247.642,17,5,4,4,544,Best Customers
HG-15025,7,3690.284,11,5,4,3,543,543
HH-15010,73,218.668,6,3,1,1,311,311
HJ-14875,127,358.1,6,2,1,1,211,211
HK-14890,152,4877.784,15,2,5,4,254,At Risk
HL-15040,44,12873.297999999999,11,4,5,3,453,453
HM-14860,3,8236.7648,20,5,5,5,555,Best Customers
HM-14980,248,736.276,7,1,1,1,111,Lost Customers
HP-14815,31,1990.314,10,4,3,2,432,432
HR-14770,14,1299.288,13,5,2,3,523,523
HR-14830,160,5248.787,14,2,5,4,254,At Risk
HW-14935,118,9300.254,20,2,5,5,255,At Risk
HZ-14950,36,886.52,6,4,1,1,411,411
IG-15085,72,744.574,7,3,1,1,311,311
IL-15100,143,5040.736,14,2,5,4,254,At Risk
IM-15055,410,2872.63,4,1,4,1,141,Lost Customers
IM-15070,391,4930.474,21,1,5,5,155,Lost Customers
JA-15970,93,6491.026,24,3,5,5,355,355
JB-15400,8,1791.605,16,5,3,4,534,Best Customers
JB-15925,738,900.552,8,1,1,2,112,Lost Customers
JB-16000,44,644.1188,7,4,1,1,411,411
JB-16045,8,2518.115,9,5,3,2,532,532
JC-15340,115,71.263,4,2,1,1,211,211
JC-15385,176,1058.108,4,2,2,1,221,221
JC-15775,159,2772.055,16,2,4,4,244,At Risk
JC-16105,58,858.576,9,3,1,2,312,312
JD-15790,118,2152.352,7,2,3,1,231,231
JD-15895,395,7610.8640000000005,32,1,5,5,155,Lost Customers
JD-16015,113,385.43,11,2,1,3,213,213
JD-16060,301,695.442,6,1,1,1,111,Lost Customers
JD-16150,42,8828.0305,17,4,5,4,454,454
JE-15475,194,1388.682,13,2,2,3,223,At Risk
JE-15610,49,7754.976,20,4,5,5,455,455
JE-15715,47,8697.842999999999,22,4,5,5,455,455
JE-15745,52,6760.8150000000005,23,4,5,5,455,455
JE-16165,21,2697.248,7,5,3,1,531,531
JF-15190,66,2279.5860000000002,19,3,3,5,335,335
JF-15295,226,955.124,14,1,1,4,114,Lost Customers
JF-15355,106,1911.844,16,2,3,4,234,At Risk
JF-15415,3,2371.448,14,5,3,4,534,Best Customers
JF-15490,122,1082.918,15,2,2,4,224,At Risk
JF-15565,55,4198.332,16,3,4,4,344,Loyal Customers
JG-15115,759,2358.676,7,1,3,1,131,Lost Customers
JG-15160,2,6366.392,18,5,5,4,554,Best Customers
JG-15310,3,2240.58,11,5,3,3,533,533
JG-15805,224,1507.018,9,2,2,2,222,At Risk
JH-15430,6,309.281,7,5,1,1,511,511
JH-15820,175,528.91,8,2,1,2,212,212
JH-15910,42,959.477,9,4,1,2,412,412
JH-15985,30,7954.9980000000005,14,4,5,4,454,454
JH-16180,405,2256.3940000000002,5,1,3,1,131,Lost Customers
JJ-15445,484,709.178,6,1,1,1,111,Lost Customers
JJ-15760,754,195.0,3,1,1,1,111,Lost Customers
JK-15205,62,4427.142,13,3,5,3,353,353
JK-15325,288,383.812,4,1,1,1,111,Lost Customers
JK-15370,45,2709.632,17,4,3,4,434,Loyal Customers
JK-15625,62,3760.028,12,3,4,3,343,Loyal Customers
JK-15640,181,4760.434,12,2,5,3,253,At Risk
JK-15730,85,4867.2,20,3,5,5,355,355
JK-16090,29,3747.668,9,4,4,2,442,442
JK-16120,118,2932.484,17,2,4,4,244,At Risk
JL-15130,9,1214.956,12,5,2,3,523,523
JL-15175,7,1571.523,7,5,2,1,521,521
JL-15235,120,2203.7,10,2,3,2,232,At Risk
JL-15505,50,3173.874,17,4,4,4,444,Loyal Customers
JL-15835,22,9799.923,34,5,5,5,555,Best Customers
JL-15850,615,2725.256,11,1,3,3,133,Lost Customers
JM-15250,38,3159.1220000000003,19,4,4,5,445,445
JM-15265,38,1804.146,13,4,3,3,433,Loyal Customers
JM-15535,103,1733.443,10,3,2,2,322,322
JM-15580,1,303.948,7,5,1,1,511,511
JM-15655,9,864.947,12,5,1,3,513,513
JM-15865,110,7625.076000000001,13,2,5,3,253,At Risk
JM-16195,58,2833.9260000000004,19,3,4,5,345,345
JO-15145,58,3254.949,13,3,4,3,343,Loyal Customers
JO-15280,93,1934.272,11,3,3,3,333,Loyal Customers
JO-15550,216,1090.838,11,2,2,3,223,At Risk
JP-15460,38,1669.135,15,4,2,4,424,424
JP-15520,9,3635.594,16,5,4,4,544,Best Customers
JP-16135,103,1707.71,13,3,2,3,323,323
JR-15670,594,1156.658,3,1,2,1,121,Lost Customers
JR-15700,69,863.88,1,3,1,1,311,311
JR-16210,34,2201.686,10,4,3,2,432,432
JS-15595,120,1417.654,8,2,2,2,222,At Risk
JS-15685,43,1131.0639999999999,11,4,2,3,423,423
JS-15880,535,3868.02,9,1,4,2,142,Lost Customers
JS-15940,464,469.169,8,1,1,2,112,Lost Customers
JS-16030,29,2516.494,18,4,3,4,434,Loyal Customers
JW-15220,43,7721.714,14,4,5,4,454,454
JW-15955,6,1244.086,11,5,2,3,523,523
JW-16075,462,1428.731,7,1,2,1,121,Lost Customers
KA-16525,37,1519.506,11,4,2,3,423,423
KB-16240,5,3152.6150000000002,10,5,4,2,542,542
KB-16315,297,1569.464,22,1,2,5,125,Lost Customers
KB-16405,118,908.821,9,2,1,2,212,212
KB-16585,231,2744.742,23,1,3,5,135,Lost Customers
KB-16600,2,983.922,9,5,2,2,522,522
KC-16255,408,2120.954,10,1,3,2,132,Lost Customers
KC-16540,98,3908.262,5,3,4,1,341,341
KC-16675,58,1146.05,7,3,2,1,321,321
KD-16270,485,8282.358,16,1,5,4,154,Lost Customers
KD-16345,42,1888.964,10,4,3,2,432,432
KD-16495,113,8181.256,28,2,5,5,255,At Risk
KD-16615,290,2243.5099999999998,13,1,3,3,133,Lost Customers
KE-16420,27,1686.7312,15,5,2,4,524,Best Customers
KF-16285,98,10604.266,18,3,5,4,354,354
KH-16330,41,3312.864,18,4,4,4,444,Loyal Customers
KH-16360,2,3100.612,14,5,4,4,544,Best Customers
KH-16510,23,5952.859,23,5,5,5,555,Best Customers
KH-16630,59,3918.9660000000003,17,3,4,4,344,Loyal Customers
KH-16690,3,5990.799,15,5,5,4,554,Best Customers
KL-16555,17,5016.488,22,5,5,5,555,Best Customers
KL-16645,48,14175.229000000001,29,4,5,5,455,455
KM-16225,15,2260.958,19,5,3,5,535,Best Customers
KM-16375,57,5620.186,20,3,5,5,355,355
KM-16660,16,453.538,9,5,1,2,512,512
KM-16720,29,4909.472,28,4,5,5,455,455
KN-16390,20,2617.272,17,5,3,4,534,Best Customers
KN-16450,53,2171.962,8,4,3,2,432,432
KN-16705,99,2280.58,15,3,3,4,334,Loyal Customers
KS-16300,296,88.472,4,1,1,1,111,Lost Customers
KT-16465,392,3057.1,14,1,4,4,144,Lost Customers
KT-16480,101,4642.088400000001,13,3,5,3,353,353
KW-16435,97,4416.5199999999995,10,3,5,2,352,352
KW-16570,772,449.096,5,1,1,1,111,Lost Customers
LA-16780,155,8673.222,26,2,5,5,255,At Risk
LB-16735,49,50.188,3,4,1,1,411,411
LB-16795,153,4985.676,24,2,5,5,255,At Risk
LC-16870,28,2580.7039999999997,30,4,3,5,435,435
LC-16885,17,7663.126,23,5,5,5,555,Best Customers
LC-16930,42,4492.946,14,4,5,4,454,454
LC-16960,437,3246.626,7,1,4,1,141,Lost Customers
LC-17050,55,2095.064,9,3,3,2,332,332
LC-17140,14,2633.582,19,5,3,5,535,Best Customers
LD-16855,553,5.304,1,1,1,1,111,Lost Customers
LD-17005,415,1961.934,7,1,3,1,131,Lost Customers
LE-16810,22,1469.45,9,5,2,2,522,522
LF-17185,23,3930.5089999999996,16,5,4,4,544,Best Customers
LH-16750,152,287.426,3,2,1,1,211,211
LH-16900,22,2295.332,15,5,3,4,534,Best Customers
LH-17020,240,318.239,6,1,1,1,111,Lost Customers
LH-17155,386,1739.689,19,1,3,5,135,Lost Customers
LL-16840,250,2741.2039999999997,12,1,3,3,133,Lost Customers
LM-17065,392,1346.774,7,1,2,1,121,Lost Customers
LO-17170,3,644.35,9,5,1,2,512,512
LP-17080,41,756.606,9,4,1,2,412,412
LP-17095,10,3653.399,15,5,4,4,544,Best Customers
LR-16915,27,5142.892,16,5,5,4,554,Best Customers
LR-17035,133,1879.306,12,2,3,3,233,At Risk
LS-16945,179,2845.27,14,2,4,4,244,At Risk
LS-16975,21,2988.674,22,5,4,5,545,Best Customers
LS-17200,97,1010.2560000000001,14,3,2,4,324,324
LS-17230,778,368.88000000000005,6,1,1,1,111,Lost Customers
LS-17245,35,1008.1360000000001,12,4,2,3,423,423
LT-16765,27,329.876,3,5,1,1,511,511
LT-17110,35,2936.252,14,4,4,4,444,Loyal Customers
LW-16825,89,2238.061,15,3,3,4,334,Loyal Customers
LW-16990,34,3230.308,11,4,4,3,443,Loyal Customers
LW-17125,206,1259.04,5,2,2,1,221,221
LW-17215,22,5420.514,15,5,5,4,554,Best Customers
MA-17560,65,4299.161,34,3,5,5,355,355
MA-17995,187,2453.284,12,2,3,3,233,At Risk
MB-17305,49,1548.702,19,4,2,5,425,425
MB-18085,45,1428.231,10,4,2,2,422,422
MC-17275,77,2725.982,13,3,3,3,333,Loyal Customers
MC-17425,400,4432.138,10,1,5,2,152,Lost Customers
MC-17575,28,1303.893,11,4,2,3,423,423
MC-17590,52,2426.067,17,4,3,4,434,Loyal Customers
MC-17605,113,2258.192,18,2,3,4,234,At Risk
MC-17635,190,795.154,8,2,1,2,212,212
MC-17845,2,3805.714,14,5,4,4,544,Best Customers
MC-18100,42,2218.98,19,4,3,5,435,435
MC-18130,370,1581.9979999999998,11,1,2,3,123,Lost Customers
MD-17350,118,3766.382,17,2,4,4,244,At Risk
MD-17860,37,1204.91,8,4,2,2,422,422
ME-17320,43,10663.728000000001,22,4,5,5,455,455
ME-17725,29,1908.4532,13,4,3,3,433,Loyal Customers
ME-18010,93,1256.944,6,3,2,1,321,321
MF-17665,422,937.039,8,1,1,2,112,Lost Customers
MF-18250,8,1758.3,12,5,3,3,533,533
MG-17650,30,3785.276,14,4,4,4,444,Loyal Customers
MG-17680,93,2350.188,10,3,3,2,332,332
MG-17695,556,1342.282,7,1,2,1,121,Lost Customers
MG-17875,117,1242.8329999999999,7,2,2,1,221,221
MG-17890,100,776.384,13,3,1,3,313,313
MG-18145,85,3061.543,8,3,4,2,342,342
MG-18205,265,16.739,2,1,1,1,111,Lost Customers
MH-17290,120,2394.025,13,2,3,3,233,At Risk
MH-17440,377,400.016,9,1,1,2,112,Lost Customers
MH-17455,86,2456.1820000000002,11,3,3,3,333,Loyal Customers
MH-17620,156,1252.8,6,2,2,1,221,221
MH-17785,99,2203.7780000000002,11,3,3,3,333,Loyal Customers
MH-18025,50,2984.948,10,4,4,2,442,442
MH-18115,6,5503.093,22,5,5,5,555,Best Customers
MJ-17740,23,6320.746,15,5,5,4,554,Best Customers
MK-17905,29,2302.368,17,4,3,4,434,Loyal Customers
MK-18160,241,1031.602,11,1,2,3,123,Lost Customers
ML-17395,70,2722.843,20,3,3,5,335,335
ML-17410,55,2921.5,15,3,4,4,344,Loyal Customers
ML-17755,30,2071.9139999999998,13,4,3,3,433,Loyal Customers
ML-18040,80,742.082,4,3,1,1,311,311
ML-18265,101,162.232,3,3,1,1,311,311
MM-17260,169,1314.023,6,2,2,1,221,221
MM-17920,8,3794.0800000000004,16,5,4,4,544,Best Customers
MM-18055,62,2749.881,19,3,3,5,335,335
MM-18280,86,775.414,12,3,1,3,313,313
MN-17935,35,2477.946,10,4,3,2,432,432
MO-17500,73,922.487,5,3,1,1,311,311
MO-17800,105,1687.0269999999998,11,2,2,3,223,At Risk
MO-17950,181,154.288,4,2,1,1,211,211
MP-17470,720,3206.132,14,1,4,4,144,Lost Customers
MP-17965,73,3983.6420000000003,20,3,4,5,345,345
MP-18175,17,5087.92,19,5,5,5,555,Best Customers
MR-17545,126,639.178,6,2,1,1,211,211
MS-17365,274,7443.6900000000005,24,1,5,5,155,Lost Customers
MS-17530,435,475.65599999999995,7,1,1,1,111,Lost Customers
MS-17710,414,1613.402,15,1,2,4,124,Lost Customers
MS-17770,122,3144.678,19,2,4,5,245,At Risk
MS-17830,453,370.348,5,1,1,1,111,Lost Customers
MS-17980,27,855.116,11,5,1,3,513,513
MT-17815,50,2890.139,10,4,4,2,442,442
MT-18070,204,1319.4498,11,2,2,3,223,At Risk
MV-17485,28,1560.05,15,4,2,4,424,424
MV-18190,20,1734.574,11,5,2,3,523,523
MW-18220,18,5341.900000000001,14,5,5,4,554,Best Customers
MW-18235,45,5253.876,3,4,5,1,451,451
MY-17380,30,2254.285,13,4,3,3,433,Loyal Customers
MY-18295,72,4152.696,21,3,4,5,345,345
MZ-17335,31,593.606,6,4,1,1,411,411
MZ-17515,283,2564.906,10,1,3,2,132,Lost Customers
NB-18580,1166,273.87199999999996,2,1,1,1,111,Lost Customers
NB-18655,20,1972.599,17,5,3,4,534,Best Customers
NC-18340,225,2461.404,17,2,3,4,234,At Risk
NC-18415,42,2218.9900000000002,14,4,3,4,434,Loyal Customers
NC-18535,7,8241.739,15,5,5,4,554,Best Customers
NC-18625,205,1821.742,9,2,3,2,232,At Risk
ND-18370,28,4326.139,18,4,5,4,454,454
ND-18460,184,2893.455,8,2,4,2,242,At Risk
NF-18385,80,8322.826,14,3,5,4,354,354
NF-18475,526,377.16200000000003,4,1,1,1,111,Lost Customers
NF-18595,115,2031.472,12,2,3,3,233,At Risk
NG-18355,49,1869.58,16,4,3,4,434,Loyal Customers
NG-18430,49,1395.9379999999999,9,4,2,2,422,422
NH-18610,190,2673.29,11,2,3,3,233,At Risk
NK-18490,71,572.048,11,3,1,3,313,313
NL-18310,59,1418.0900000000001,10,3,2,2,322,322
NM-18445,161,6459.344,14,2,5,4,254,At Risk
NM-18520,245,2161.979,15,1,3,4,134,Lost Customers
NP-18325,26,5529.62,21,5,5,5,555,Best Customers
NP-18670,59,3908.402,10,3,4,2,342,342
NP-18685,407,1228.698,7,1,2,1,121,Lost Customers
NP-18700,139,7903.1825,13,2,5,3,253,At Risk
NR-18550,211,2367.277,13,2,3,3,233,At Risk
NS-18505,7,2575.863,15,5,3,4,534,Best Customers
NS-18640,175,2964.823,26,2,4,5,245,At Risk
NW-18400,173,7234.014,22,2,5,5,255,At Risk
NZ-18565,86,2488.31,20,3,3,5,335,335
ON-18715,411,1567.52,15,1,2,4,124,Lost Customers
OT-18730,66,3818.624,10,3,4,2,342,342
PA-19060,104,729.408,7,3,1,1,311,311
PB-18805,26,740.356,10,5,1,2,512,512
PB-19105,58,688.324,5,3,1,1,311,311
PB-19150,98,1456.95,11,3,2,3,323,323
PB-19210,689,132.738,2,1,1,1,111,Lost Customers
PC-18745,3,1832.064,5,5,3,1,531,531
PC-19000,883,1061.488,3,1,2,1,121,Lost Customers
PF-19120,836,9062.864,19,1,5,5,155,Lost Customers
PF-19165,197,2770.0,10,2,4,2,242,At Risk
PF-19225,115,2206.1279999999997,10,2,3,2,232,At Risk
PG-18820,37,3086.907,26,4,4,5,445,445
PG-18895,58,1987.164,17,3,3,4,334,Loyal Customers
PH-18790,71,729.648,2,3,1,1,311,311
PJ-18835,40,1220.09,13,4,2,3,423,423
PJ-19015,135,1824.2340000000002,10,2,3,2,232,At Risk
PK-18910,484,1441.152,3,1,2,1,121,Lost Customers
PK-19075,10,8646.934,25,5,5,5,555,Best Customers
PL-18925,16,239.481,8,5,1,2,512,512
PM-18940,387,1405.402,4,1,2,1,121,Lost Customers
PM-19135,52,4115.662,7,4,4,1,441,441
PN-18775,31,1467.152,13,4,2,3,423,423
PO-18850,5,7473.8282,22,5,5,5,555,Best Customers
PO-18865,1,2493.214,13,5,3,3,533,533
PO-19180,161,4893.043,18,2,5,4,254,At Risk
PO-19195,87,1056.858,10,3,2,2,322,322
PP-18955,98,7252.608,34,3,5,5,355,355
PR-18880,37,1840.178,12,4,3,3,433,Loyal Customers
PS-18760,108,2181.479,21,2,3,5,235,At Risk
PS-18970,70,1278.639,13,3,2,3,323,323
PS-19045,237,6843.634,13,1,5,3,153,Lost Customers
PT-19090,72,160.572,7,3,1,1,311,311
PV-18985,90,2876.046,13,3,4,3,343,Loyal Customers
PW-19030,47,3454.916,13,4,4,3,443,Loyal Customers
PW-19240,465,3922.4150000000004,12,1,4,3,143,Lost Customers
QJ-19255,26,6108.338,13,5,5,3,553,553
RA-19285,6,2617.906,17,5,3,4,534,Best Customers
RA-19885,44,3832.314,15,4,4,4,444,Loyal Customers
RA-19915,13,4793.543,22,5,5,5,555,Best Customers
RA-19945,62,1686.9225,9,3,2,2,322,322
RB-19330,69,1008.1959999999999,6,3,2,1,321,321
RB-19360,97,15117.339,18,3,5,4,354,354
RB-19435,20,2663.0860000000002,16,5,3,4,534,Best Customers
RB-19465,10,4715.466,23,5,5,5,555,Best Customers
RB-19570,26,528.546,9,5,1,2,512,512
RB-19645,649,221.084,7,1,1,1,111,Lost Customers
RB-19705,55,2067.45,7,3,3,1,331,331
RB-19795,33,5633.316000000001,18,4,5,4,454,454
RC-19825,370,966.409,10,1,2,2,122,Lost Customers
RC-19960,111,885.752,11,2,1,3,213,213
RD-19480,73,4272.93,15,3,4,4,344,Loyal Customers
RD-19585,181,2912.8940000000002,19,2,4,5,245,At Risk
RD-19660,115,2786.632,5,2,4,1,241,241
RD-19720,22,1419.737,20,5,2,5,525,Best Customers
RD-19810,15,1137.616,16,5,2,4,524,Best Customers
RD-19900,115,3133.924,21,2,4,5,245,At Risk
RD-19930,43,970.9420000000001,10,4,2,2,422,422
RE-19405,1098,48.36,1,1,1,1,111,Lost Customers
RE-19450,303,876.696,9,1,1,2,112,Lost Customers
RF-19345,391,3309.15,16,1,4,4,144,Lost Customers
RF-19735,90,2341.2960000000003,14,3,3,4,334,Loyal Customers
RF-19840,7,945.222,11,5,1,3,513,513
RH-19495,33,3621.3759999999997,8,4,4,2,442,442
RH-19510,468,6979.18,12,1,5,3,153,Lost Customers
RH-19555,520,740.382,3,1,1,1,111,Lost Customers
RH-19600,535,2085.7400000000002,11,1,3,3,133,Lost Customers
RK-19300,120,1460.192,8,2,2,2,222,At Risk
RL-19615,122,6234.91,24,2,5,5,255,At Risk
RM-19375,346,1453.474,9,1,2,2,122,Lost Customers
RM-19675,7,5979.0960000000005,11,5,5,3,553,553
RM-19750,300,98.35,2,1,1,1,111,Lost Customers
RO-19780,36,3815.478,12,4,4,3,443,Loyal Customers
RP-19270,497,954.6452,12,1,1,3,113,Lost Customers
RP-19390,34,5153.084,25,4,5,5,455,455
RP-19855,29,2170.716,15,4,3,4,434,Loyal Customers
RR-19315,20,615.932,4,5,1,1,511,511
RR-19525,171,3302.2619999999997,10,2,4,2,242,At Risk
RS-19420,77,3221.29,9,3,4,2,342,342
RS-19765,37,4159.7699999999995,14,4,4,4,444,Loyal Customers
RS-19870,20,22.328,3,5,1,1,511,511
RW-19540,121,7397.401,23,2,5,5,255,At Risk
RW-19630,90,3279.746,16,3,4,4,344,Loyal Customers
RW-19690,80,3495.646,15,3,4,4,344,Loyal Customers
SA-20830,64,4767.3415,21,3,5,5,355,355
SB-20170,202,1348.02,7,2,2,1,221,221
SB-20185,189,6410.996,12,2,5,3,253,At Risk
SB-20290,48,8057.891,17,4,5,4,454,454
SC-20020,782,3362.9636,17,1,4,4,144,Lost Customers
SC-20050,41,4624.572,15,4,5,4,454,454
SC-20095,350,14142.333999999999,22,1,5,5,155,Lost Customers
SC-20230,150,4371.9580000000005,11,2,5,3,253,At Risk
SC-20260,188,3729.7929999999997,18,2,4,4,244,At Risk
SC-20305,30,3979.065,12,4,4,3,443,Loyal Customers
SC-20380,31,5992.536,20,4,5,5,455,455
SC-20440,37,1874.998,10,4,3,2,432,432
SC-20575,93,902.7280000000001,7,3,1,1,311,311
SC-20680,127,1254.64,8,2,2,2,222,At Risk
SC-20695,90,2576.408,14,3,3,4,334,Loyal Customers
SC-20725,188,5226.21,26,2,5,5,255,At Risk
SC-20770,42,4492.657,21,4,5,5,455,455
SC-20800,31,279.25600000000003,5,4,1,1,411,411
SC-20845,132,280.632,4,2,1,1,211,211
SD-20485,201,6121.114,21,2,5,5,255,At Risk
SE-20110,10,12209.438000000002,19,5,5,5,555,Best Customers
SF-20065,60,763.5459999999999,9,3,1,2,312,312
SF-20200,60,3422.7859999999996,15,3,4,4,344,Loyal Customers
SF-20965,49,3336.535,17,4,4,4,444,Loyal Customers
SG-20080,9,3406.5809999999997,11,5,4,3,543,543
SG-20470,184,1884.798,14,2,3,4,234,At Risk
SG-20605,109,3124.832,13,2,4,3,243,At Risk
SG-20890,227,47.946,5,1,1,1,111,Lost Customers
SH-19975,30,3406.8395,29,4,4,5,445,445
SH-20395,24,2180.718,15,5,3,4,534,Best Customers
SH-20635,766,2096.392,2,1,3,1,131,Lost Customers
SJ-20125,96,3949.656,24,3,4,5,345,345
SJ-20215,30,1341.036,10,4,2,2,422,422
SJ-20500,254,1318.776,7,1,2,1,121,Lost Customers
SK-19990,9,883.409,5,5,1,1,511,511
SL-20155,71,3053.012,9,3,4,2,342,342
SM-20005,422,244.49399999999997,6,1,1,1,111,Lost Customers
SM-20320,80,25043.05,15,3,5,4,354,354
SM-20905,607,1043.041,6,1,2,1,121,Lost Customers
SM-20950,26,5563.392,22,5,5,5,555,Best Customers
SN-20560,112,1860.418,15,2,3,4,234,At Risk
SN-20710,80,3127.9592,19,3,4,5,345,345
SO-20335,30,2602.5755,15,4,3,4,434,Loyal Customers
SP-20545,328,1306.086,10,1,2,2,122,Lost Customers
SP-20620,48,5440.319,24,4,5,5,455,455
SP-20650,387,1872.4360000000001,15,1,3,4,134,Lost Customers
SP-20860,80,4282.94,24,3,5,5,355,355
SP-20920,71,3990.689,14,3,4,4,344,Loyal Customers
SR-20425,9,3233.481,9,5,4,2,542,542
SR-20740,197,4345.8859999999995,12,2,5,3,253,At Risk
SS-20140,16,1324.028,21,5,2,5,525,Best Customers
SS-20410,111,3056.8070000000002,12,2,4,3,243,At Risk
SS-20515,492,613.4,6,1,1,1,111,Lost Customers
SS-20590,433,418.49,9,1,1,2,112,Lost Customers
SS-20875,121,964.636,15,2,2,4,224,At Risk
ST-20530,126,433.34000000000003,12,2,1,3,213,213
SU-20665,21,2595.364,18,5,3,4,534,Best Customers
SV-20365,102,11470.949999999999,32,3,5,5,355,355
SV-20785,321,4105.305,25,1,4,5,145,Lost Customers
SV-20815,77,1271.0900000000001,6,3,2,1,321,321
SV-20935,3,1903.491,13,5,3,3,533,533
SW-20245,82,1085.078,10,3,2,2,322,322
SW-20275,31,1966.65,7,4,3,1,431,431
SW-20350,163,1019.044,6,2,2,1,221,221
SW-20455,163,2921.544,9,2,4,2,242,At Risk
SW-20755,535,758.6959999999999,8,1,1,2,112,Lost Customers
SZ-20035,36,3625.329,20,4,4,5,445,445
TA-21385,70,14595.62,10,3,5,2,352,352
TB-21055,120,1467.881,18,2,2,4,224,At Risk
TB-21175,59,3589.296,11,3,4,3,343,Loyal Customers
TB-21190,50,816.1740000000001,4,4,1,1,411,411
TB-21250,350,1602.376,19,1,2,5,125,Lost Customers
TB-21280,584,2198.45,11,1,3,3,133,Lost Customers
TB-21355,147,834.328,13,2,1,3,213,213
TB-21400,203,9133.99,17,2,5,4,254,At Risk
TB-21520,108,4737.486,20,2,5,5,255,At Risk
TB-21595,286,1387.559,7,1,2,1,121,Lost Customers
TB-21625,31,2797.668,15,4,4,4,444,Loyal Customers
TC-20980,400,19052.218,12,1,5,3,153,Lost Customers
TC-21145,107,1038.26,4,2,2,1,221,221
TC-21295,28,4266.812,16,4,4,4,444,Loyal Customers
TC-21475,154,1244.976,11,2,2,3,223,At Risk
TC-21535,5,742.5580000000001,10,5,1,2,512,512
TD-20995,38,1434.5480000000002,16,4,2,4,424,424
TG-21310,338,3058.372,9,1,4,2,142,Lost Customers
TG-21640,115,2074.661,10,2,3,2,232,At Risk
TH-21100,345,2422.824,7,1,3,1,131,Lost Customers
TH-21115,59,2942.772,9,3,4,2,342,342
TH-21235,118,1022.201,13,2,2,3,223,At Risk
TH-21550,73,4234.0960000000005,13,3,4,3,343,Loyal Customers
TM-21010,104,2955.2259999999997,19,3,4,5,345,345
TM-21490,131,1094.6779999999999,4,2,2,1,221,221
TN-21040,91,3130.221,12,3,4,3,343,Loyal Customers
TP-21130,9,4454.0560000000005,16,5,5,4,554,Best Customers
TP-21415,105,5329.0048,10,2,5,2,252,At Risk
TP-21565,351,1936.6399999999999,10,1,3,2,132,Lost Customers
TR-21325,194,675.9419999999999,7,2,1,1,211,211
TS-21085,358,4.833,2,1,1,1,111,Lost Customers
TS-21160,505,2163.6240000000003,17,1,3,4,134,Lost Customers
TS-21205,199,5371.09,19,2,5,5,255,At Risk
TS-21340,227,974.7819999999999,12,1,2,3,123,Lost Customers
TS-21370,37,11891.751,15,4,5,4,454,454
TS-21430,173,2054.14,7,2,3,1,231,231
TS-21505,12,2243.274,14,5,3,4,534,Best Customers
TS-21610,56,2820.424,11,3,4,3,343,Loyal Customers
TS-21655,239,3368.094,14,1,4,4,144,Lost Customers
TT-21070,32,4915.602,14,4,5,4,454,454
TT-21220,184,1427.0439999999999,15,2,2,4,224,At Risk
TT-21265,407,439.5,3,1,1,1,111,Lost Customers
TT-21460,13,5364.808,14,5,5,4,554,Best Customers
TW-21025,65,5278.826,12,3,5,3,353,353
TZ-21580,36,1707.286,9,4,2,2,422,422
VB-21745,55,2005.596,10,3,3,2,332,332
VD-21670,582,6442.254,16,1,5,4,154,Lost Customers
VF-21715,14,847.944,11,5,1,3,513,513
VG-21790,155,846.01,8,2,1,2,212,212
VG-21805,287,427.372,6,1,1,1,111,Lost Customers
VM-21685,55,2454.866,12,3,3,3,333,Loyal Customers
VM-21835,118,380.69,8,2,1,2,212,212
VP-21730,31,993.9019999999999,5,4,2,1,421,421
VP-21760,76,3360.526,14,3,4,4,344,Loyal Customers
VS-21820,222,1055.981,8,2,2,2,222,At Risk
VT-21700,1001,1736.596,9,1,2,2,122,Lost Customers
VW-21775,29,6134.0380000000005,18,4,5,4,454,454
WB-21850,21,6160.102,37,5,5,5,555,Best Customers
XP-21865,44,2374.658,28,4,3,5,435,435
YC-21895,5,5454.35,8,5,5,2,552,552
YS-21880,10,6720.4439999999995,12,5,5,3,553,553
ZC-21910,55,8025.707,31,3,5,5,355,355
ZD-21925,203,1493.944,9,2,2,2,222,At Risk
